"_id","senderId"
"607789ce9a8f1081777b5287","Yns8ECJUbMbdivR2fu5ZaaLM2Pr1"
"60778cdbe3409482a08486f4","Yns8ECJUbMbdivR2fu5ZaaLM2Pr1"
"60778d43e3409482a08486f5","Yns8ECJUbMbdivR2fu5ZaaLM2Pr1"
"60778d76e3409482a08486f6","Yns8ECJUbMbdivR2fu5ZaaLM2Pr1"
"60778da8f8e6738326818a08","Yns8ECJUbMbdivR2fu5ZaaLM2Pr1"
"60778deca7aeaf835beed2ab","Yns8ECJUbMbdivR2fu5ZaaLM2Pr1"
"60778df9a7aeaf835beed2ac","Yns8ECJUbMbdivR2fu5ZaaLM2Pr1"
"60778fde1059da84477c25b9","Yns8ECJUbMbdivR2fu5ZaaLM2Pr1"
"60779027607030845595b708","Yns8ECJUbMbdivR2fu5ZaaLM2Pr1"
"6077906a18d8df84607c98a0","Yns8ECJUbMbdivR2fu5ZaaLM2Pr1"
"607790db0e6a5584a1ee5816","Yns8ECJUbMbdivR2fu5ZaaLM2Pr1"
"607791379482f084dcebc95b","Yns8ECJUbMbdivR2fu5ZaaLM2Pr1"
"6077913e9482f084dcebc95c","Yns8ECJUbMbdivR2fu5ZaaLM2Pr1"
"6077920378394e8531c3cece","Yns8ECJUbMbdivR2fu5ZaaLM2Pr1"
"60779315b8227d85a00ad359","Yns8ECJUbMbdivR2fu5ZaaLM2Pr1"
"607793badcf36f85ff7c4586","Yns8ECJUbMbdivR2fu5ZaaLM2Pr1"
"607795afeafdea027a6cdcd0","Yns8ECJUbMbdivR2fu5ZaaLM2Pr1"
"6077994968943504b62c2abd","Yns8ECJUbMbdivR2fu5ZaaLM2Pr1"
"6077995968943504b62c2abe","Yns8ECJUbMbdivR2fu5ZaaLM2Pr1"
"607799ddc457e480793fb9c2","Tzl4oRsYfXMGrte5Pu3VNnTp4962"
"6077b1b8ea2d6782ba883e89","Tzl4oRsYfXMGrte5Pu3VNnTp4962"
"6077b1d9ea2d6782ba883e8a","Tzl4oRsYfXMGrte5Pu3VNnTp4962"
"6077b1deea2d6782ba883e8b","Tzl4oRsYfXMGrte5Pu3VNnTp4962"
"6077b2aaea2d6782ba883e8c","Tzl4oRsYfXMGrte5Pu3VNnTp4962"
"6077b3eb2b46dd83c9d410d6","Tzl4oRsYfXMGrte5Pu3VNnTp4962"
"6077b641a03916851f501f59","Tzl4oRsYfXMGrte5Pu3VNnTp4962"
"6077b71ba9e14f85776d0e52","Tzl4oRsYfXMGrte5Pu3VNnTp4962"
"6077ba22e5ad7301a293ba41","Tzl4oRsYfXMGrte5Pu3VNnTp4962"
"6077e21cc21ec4427b3559bb","PZeb0lyJoQUrMvUPcaVvSY3mLmi2"
"6077e21dc21ec4427b3559bc","PZeb0lyJoQUrMvUPcaVvSY3mLmi2"
"6077e21dc21ec4427b3559bd","PZeb0lyJoQUrMvUPcaVvSY3mLmi2"
"6078d80bf4aae716fb56b340","Tzl4oRsYfXMGrte5Pu3VNnTp4962"
"6078ea82f4aae716fb56b342","626u1CxfHSUZJMJQI9Fw8nXtpot1"
"6078ef4ba4068e3e02aaf01a","Yns8ECJUbMbdivR2fu5ZaaLM2Pr1"
"6078f502e94c9b41044bee94","Yns8ECJUbMbdivR2fu5ZaaLM2Pr1"
"6078f6c354b4d41dbfd898a3","626u1CxfHSUZJMJQI9Fw8nXtpot1"
"6078f7b354b4d41dbfd898a5","626u1CxfHSUZJMJQI9Fw8nXtpot1"
"6078fa5454b4d41dbfd898a8","626u1CxfHSUZJMJQI9Fw8nXtpot1"
"6078fc1c54b4d41dbfd898aa","626u1CxfHSUZJMJQI9Fw8nXtpot1"
"6078fc8654b4d41dbfd898ac","626u1CxfHSUZJMJQI9Fw8nXtpot1"
"6078fd0254b4d41dbfd898ae","626u1CxfHSUZJMJQI9Fw8nXtpot1"
"6078fd5ff843ea1f6ab9b933","626u1CxfHSUZJMJQI9Fw8nXtpot1"
"6078fd7d3e424045e14fc775","Yns8ECJUbMbdivR2fu5ZaaLM2Pr1"
"6079022cbdaa6720931d480c","626u1CxfHSUZJMJQI9Fw8nXtpot1"
"6079029650645120fd1f52ab","626u1CxfHSUZJMJQI9Fw8nXtpot1"
"607902b2422a714befe77271","Yns8ECJUbMbdivR2fu5ZaaLM2Pr1"