"_id","receiverId"
"60733427c1e10c745d7de172","y2ZuSK4U36P0vmOv5Csu3cCcdee2"
"60733430c1e10c745d7de173","y2ZuSK4U36P0vmOv5Csu3cCcdee2"
"607334f2241f77fc7f36a958","y2ZuSK4U36P0vmOv5Csu3cCcdee2"
"607334f2241f77fc7f36a959","Tzl4oRsYfXMGrte5Pu3VNnTp4962"
"6073351c241f77fc7f36a95a","Tzl4oRsYfXMGrte5Pu3VNnTp4962"
"6073352ac1e10c745d7de174","Tzl4oRsYfXMGrte5Pu3VNnTp4962"
"6073352ac1e10c745d7de175","y2ZuSK4U36P0vmOv5Csu3cCcdee2"
"607338bbc1e10c745d7de176","Yns8ECJUbMbdivR2fu5ZaaLM2Pr1"
"607338d5c1e10c745d7de177","Yns8ECJUbMbdivR2fu5ZaaLM2Pr1"
"607338df4d1b84fe674247d1","Tzl4oRsYfXMGrte5Pu3VNnTp4962"
"607338df4d1b84fe674247d0","Yns8ECJUbMbdivR2fu5ZaaLM2Pr1"